Title_lang,Subtitle_lang,InstructionText_lang,SubIcon_lang,TitleTooltip_lang,SubtitleTooltip_lang,EventToastID,PlayerConditionID,UiTextureAtlasMemberID,UiTextureKitID,EventType,DisplayType,EventAsset,Field_9_1_0_38312_011,IconFileID,UiWidgetSetID,ExtraUiWidgetSetID,TitleTooltipUiWidgetSetID,SubtitleTooltipUiWidgetSetID,ShowSoundKitID,HideSoundKitID,Field_10_2_5_52554_021
"Level %d","You've Reached",,,,,1,117398,0,0,0,2,0,0,0,0,0,0,0,0,0,0
,"Dungeon Unlocked!",,,,,2,117398,12015,0,2,3,0,0,0,0,0,0,0,0,0,0
,"New Ability Unlocked!",,,,,3,117398,12014,0,1,3,0,0,0,0,0,0,0,0,0,0
,"Raid Unlocked!",,,,,4,92737,12015,0,3,3,0,0,0,0,0,0,0,0,0,0
,"New Stage",,,,,5,0,0,5554,14,6,0,0,0,0,0,0,0,0,0,0
,,,,,,7,0,0,0,6,0,0,0,0,0,0,0,0,0,0,0
,"Level Up",,,,,8,0,0,0,8,3,0,0,0,0,0,0,0,0,0,0
,"New Ability Available!",,,,,9,0,0,0,9,3,0,0,0,0,0,0,0,0,0,0
"You have captured",,,,,,10,0,0,0,7,5,0,0,0,0,0,0,0,0,0,0
%s%s,,,,,,11,0,0,0,10,1,0,0,0,0,0,0,0,0,0,0
"Area Looting","Feature Unlocked!","Looting a corpse will now also loot all nearby corpses.","Area Loot Unlocked",,,12,90425,12015,0,15,3,0,0,1022948,0,0,0,0,183581,0,0
"Skoldus Hall","Floor %19812w",,,,,14,79354,0,5281,17,6,354094,0,0,0,0,0,0,0,0,0
"Twisting Corridors","Floor %19812w",,,,,15,79355,0,5281,17,6,354094,0,0,0,0,0,0,0,0,0
"Fracture Chambers","Floor %19812w",,,,,16,79363,0,5281,17,6,354094,0,0,0,0,0,0,0,0,0
"The Soulforges","Floor %19812w",,,,,17,79365,0,5281,17,6,354094,0,0,0,0,0,0,0,0,0
"Coldheart Interstitia","Floor %19812w",,,,,18,79368,0,5281,17,6,354094,0,0,0,0,0,0,0,0,0
Mort'regar,"Floor %19812w",,,,,19,79366,0,5281,17,6,354094,0,0,0,0,0,0,0,0,0
"Dungeon Finder","Feature Unlocked!",,"New Feature Unlocked: |cffFF4E00|Hlfd:|h[Dungeon Finder]|h|r",,,20,90424,12015,0,15,3,0,0,397907,0,0,0,0,0,0,0
Battlegrounds,"Feature Unlocked!",,"New Feature Unlocked: |cffFF4E00|Hpvpbgs:|h[Battlegrounds]|h|r",,,21,90427,12015,0,15,3,0,0,132147,0,0,0,0,0,0,0
Specialization,"Feature Unlocked!",,"New Feature Unlocked: |cffFF4E00|Hspecpane:|h[Specializations]|h|r",,,22,90428,12015,0,15,3,0,0,132222,0,0,0,0,0,0,0
Talents,"Feature Unlocked!",,"New Feature Unlocked: |cffFF4E00|Htalentpane:|h[Talents]|h|r",,,23,90429,12015,0,15,3,0,0,132222,0,0,0,0,0,0,0
"PvP Talents","Feature Unlocked!",,"New Feature Unlocked: |cffFF4E00|Htalentpanet:|h[PvP Talents]|h|r Available!",,,24,90430,12015,0,15,3,0,0,132147,0,0,0,0,0,0,0
"Mount Equipment","Feature Unlocked!",,"New Feature Unlocked: |cffFF4E00|Hmountequipment:|h[Mount Equipment]|h|r Available!",,,25,5793,12015,0,15,3,0,0,1534178,0,0,0,0,0,0,0
"World Quests","Feature Unlocked!","Open your World Map to view World Quests","New feature unlocked: |cffFF4E00|Hworldquest:|h[World Quests]|h|r\nOpen your World Map to view",,,26,0,12015,0,12,3,43341,0,1064187,0,0,0,0,0,0,0
"Upper Reaches","Floor %19812w",,,,,27,79372,0,5281,17,6,354094,0,0,0,0,0,0,0,0,0
"Arkoban Hall","Floor %19812w",,,,,28,90416,0,5281,17,6,354094,0,0,0,0,0,0,0,0,0
"Torment Chamber: Jaina","Floor %19812w",,,,,29,90417,0,5281,17,6,354094,0,0,0,0,0,0,0,0,0
"Torment Chamber: Thrall","Floor %19812w",,,,,30,90418,0,5281,17,6,354094,0,0,0,0,0,0,0,0,0
"Torment Chamber: Anduin","Floor %19812w",,,,,31,90420,0,5281,17,6,354094,0,0,0,0,0,0,0,0,0
"Adamant Vaults","Floor %19812w",,,,,32,0,0,5281,17,6,358253,0,0,0,0,0,0,0,0,0
"Fervid Catacombs","Floor %19812w",,,,,33,90422,0,5281,17,6,354094,0,0,0,0,0,0,0,0,0
"Ossuary of the Banished","Floor %19812w",,,,,34,90423,0,5281,17,6,354094,0,0,0,0,0,0,0,0,0
Complete,"|cFFFFFFFFFinal Score: %1921c|r |n|cFF1eff00Tower Knowledge Earned: %1922c |TInterface\ICONS\Spell_Broker_Orb.BLP:16:16|t|r",,,,,37,0,0,5388,17,8,354027,0,0,511,503,0,0,183157,183155,0
"Mount in the Maw",Unlocked,,,,,39,0,12015,0,12,3,63994,0,853211,0,0,0,0,183581,0,0
"Floor 1 Complete",,,,,,40,90752,0,5388,16,6,354067,0,0,509,0,0,0,0,0,0
Incomplete,"|cFFFFFFFFFinal Score: %1921c|r |n|cFF1eff00Tower Knowledge Earned: %1922c |TInterface\ICONS\Spell_Broker_Orb.BLP:16:16|t|r",,,,,42,34450,0,5388,17,8,356246,0,0,511,521,0,0,0,0,0
"Adamant Vaults Complete","|cFF1eff00Bonus Tower Knowledge Earned: %1946c |TInterface\ICONS\Spell_Broker_Orb.BLP:16:16|t|r",,,,,43,34450,0,5388,17,6,356432,0,0,0,0,0,0,0,0,0
"Rumor Accepted",,,,,,252,0,0,5554,18,0,0,0,0,0,0,0,0,0,0,0
Complete,"|cFFFFFFFFFinal Score: %1921c|r |n|cFF1eff00Tower Knowledge Earned: %1922c |TInterface\ICONS\Spell_Broker_Orb.BLP:16:16|t|r|nTower Knowledge is at Cap",,,,,44,34450,0,5388,17,8,356596,0,0,511,503,0,517,0,0,0
Incomplete,"|cFFFFFFFFFinal Score: %1921c|r |n|cFF1eff00Tower Knowledge Earned: %1922c |TInterface\ICONS\Spell_Broker_Orb.BLP:16:16|t|r|nTower Knowledge is at Cap",,,,,45,34450,0,5388,17,8,356597,0,0,511,521,0,517,0,0,0
"Floor 2 Complete",,,,,,47,90752,0,5388,16,6,357992,0,0,518,0,0,0,0,0,0
"Floor 3 Complete",,,,,,48,90752,0,5388,16,6,357993,0,0,519,0,0,0,0,0,0
"Floor 4 Complete",,,,,,49,90752,0,5388,16,6,357994,0,0,520,0,0,0,0,0,0
Flawless!,"|cFFFFFFFFFinal Score: %1921c|r |n|cFF1eff00Tower Knowledge Earned: %1922c |TInterface\ICONS\Spell_Broker_Orb.BLP:16:16|t|r",,,,,50,0,0,5388,17,8,358449,0,0,511,503,0,0,183157,183155,0
,"Battleground Unlocked!",,,,,51,117398,12015,0,4,3,0,0,0,0,0,0,0,0,0,0
Flawless,"|cFFFFFFFFFinal Score: %1921c|r |n|cFF1eff00Tower Knowledge Earned: %1922c |TInterface\ICONS\Spell_Broker_Orb.BLP:16:16|t|r|nTower Knowledge is at Cap",,,,,52,34450,0,5388,17,8,358450,0,0,511,503,0,517,0,0,0
"Combatant I","PvP equipment upgrades unlocked!",,,,,60,0,12015,0,20,7,2,0,2023045,0,0,0,0,0,0,0
"Lore Entry Unlocked","Lore Console",,"Lore Console Entry Unlocked",,,61,0,10757,0,13,3,0,0,4238930,0,0,0,0,0,0,0
"Combatant II","PvP equipment upgrades unlocked!",,,,,63,0,12015,0,20,7,206,0,2023045,0,0,0,0,0,0,0
"Challenger I","PvP equipment upgrades unlocked!",,,,,64,0,12015,0,20,7,3,0,2023047,0,0,0,0,0,0,0
"Challenger II","PvP equipment upgrades unlocked!",,,,,65,0,12015,0,20,7,207,0,2023047,0,0,0,0,0,0,0
"Rival I","PvP equipment upgrades unlocked!",,,,,66,0,12015,0,20,7,4,0,2023049,0,0,0,0,0,0,0
"Rival II","PvP equipment upgrades unlocked!",,,,,67,0,12015,0,20,7,208,0,2023049,0,0,0,0,0,0,0
Duelist,"PvP equipment upgrades unlocked!",,,,,68,0,12015,0,20,7,5,0,2023051,0,0,0,0,0,0,0
Elite,"PvP equipment upgrades unlocked!",,,,,69,0,12015,0,20,7,6,0,2023053,0,0,0,0,0,0,0
"Combatant I","PvP equipment upgrades unlocked!",,,,,70,0,12015,0,20,7,9,0,2023045,0,0,0,0,0,0,0
"Combatant II","PvP equipment upgrades unlocked!",,,,,71,0,12015,0,20,7,209,0,2023045,0,0,0,0,0,0,0
"Challenger I","PvP equipment upgrades unlocked!",,,,,72,0,12015,0,20,7,11,0,2023047,0,0,0,0,0,0,0
"Challenger II","PvP equipment upgrades unlocked!",,,,,73,0,12015,0,20,7,210,0,2023047,0,0,0,0,0,0,0
"Rival I","PvP equipment upgrades unlocked!",,,,,74,0,12015,0,20,7,12,0,2023049,0,0,0,0,0,0,0
"Rival II","PvP equipment upgrades unlocked!",,,,,75,0,12015,0,20,7,211,0,2023049,0,0,0,0,0,0,0
Duelist,"PvP equipment upgrades unlocked!",,,,,76,0,12015,0,20,7,13,0,2023051,0,0,0,0,0,0,0
Elite,"PvP equipment upgrades unlocked!",,,,,77,0,12015,0,20,7,14,0,2023053,0,0,0,0,0,0,0
"Combatant I","PvP equipment upgrades unlocked!",,,,,78,0,12015,0,20,7,17,0,2023045,0,0,0,0,0,0,0
"Combatant II","PvP equipment upgrades unlocked!",,,,,79,0,12015,0,20,7,212,0,2023045,0,0,0,0,0,0,0
"Challenger I","PvP equipment upgrades unlocked!",,,,,80,0,12015,0,20,7,18,0,2023047,0,0,0,0,0,0,0
"Challenger II","PvP equipment upgrades unlocked!",,,,,81,0,12015,0,20,7,213,0,2023047,0,0,0,0,0,0,0
"Rival I","PvP equipment upgrades unlocked!",,,,,82,0,12015,0,20,7,19,0,2023049,0,0,0,0,0,0,0
"Rival II","PvP equipment upgrades unlocked!",,,,,83,0,12015,0,20,7,214,0,2023049,0,0,0,0,0,0,0
Duelist,"PvP equipment upgrades unlocked!",,,,,84,0,12015,0,20,7,20,0,2023051,0,0,0,0,0,0,0
Elite,"PvP equipment upgrades unlocked!",,,,,85,0,12015,0,20,7,21,0,2023053,0,0,0,0,0,0,0
"The Jailer's Gauntlet","Floor %19812w","|n+Phantasma|n+Soul Remnant's Blessings",,,,87,95418,0,5281,17,6,354094,0,0,0,0,0,0,0,0,0
"Round Won","Wins: %55859yc",,,,,89,104070,0,5116,16,6,392795,0,0,0,0,0,0,0,0,0
"Round Lost","Wins: %55859yc",,,,,90,104070,0,5116,16,6,392796,0,0,0,0,0,0,0,0,0
"Coreless Guardian Conversion","Bassalim Understanding",,,"Pocopoc gains the ability to convert Coreless Guardians into Resonant Guardians",,101,0,12015,0,18,3,0,0,4239320,0,0,0,0,0,0,0
"Advanced Pocopoc Upgrades","Trebalim Understanding Unlocked",,,,,102,0,12015,0,18,3,0,0,4239319,577,0,0,0,0,0,0
"Round Won","Wins: %55859yc",,,,,104,104069,0,5117,16,6,392795,0,0,0,0,0,0,0,0,0
"Round Lost","Wins: %55859yc",,,,,105,104069,0,5117,16,6,392796,0,0,0,0,0,0,0,0,0
"The Jailer's Gauntlet","Floor %19812w",,,,,106,95419,0,5281,17,6,354094,0,0,0,0,0,0,0,0,0
"Race Complete - Bronze","|cFFFFFFFFRace Time: %2016c.%2017c%2124c%2125c seconds|r|n|nSilver Time: %2019c.%2037c00 seconds|nGold Time: %2020c.%2038c00 seconds |n|nPersonal Best: %2040c.%2041c%2131c%2132c seconds |n|n",,,,,117,0,0,5474,17,6,369996,0,0,0,0,0,0,0,0,0
"Race Complete - Silver","|cFFFFFFFFRace Time: %2016c.%2017c%2124c%2125c seconds|r|n|nGold Time: %2020c.%2038c00 seconds |n|nPersonal Best: %2040c.%2041c%2131c%2132c seconds |n|n",,,,,121,0,0,5474,17,6,370253,0,0,0,0,0,0,0,0,0
"Race Complete - Gold","|cFFFFFFFFRace Time: %2016c.%2017c%2124c%2125c seconds|r|n|nGold Time: %2020c.%2038c00 seconds |n|nPersonal Best: %2040c.%2041c%2131c%2132c seconds |n|n",,,,,122,0,0,5474,17,6,370254,0,0,0,0,0,0,0,0,0
"Race Complete","|cFFFFFFFFRace Time: %2016c.%2017c%2124c%2125c seconds|r|n|nPersonal Best: %2040c.%2041c%2131c%2132c seconds |n|n",,,,,123,0,0,5474,17,6,370255,0,0,0,0,0,0,0,0,0
"Race Complete","|cFFFFFFFFRace Time: %2016c.%2017c%2124c%2125c seconds|r|n|nPersonal Best: %2040c.%2041c%2131c%2132c seconds |n|n",,,,,125,0,0,5474,17,6,370713,0,0,0,0,0,0,0,0,0
Disintegrate,"New Spell Remembered",,,,,127,0,0,5268,12,3,64864,0,4622451,0,0,0,0,0,0,0
"Fire Breath","New Spell Remembered",,,,,128,104129,0,5268,12,3,64872,0,4622458,0,0,0,0,0,0,0
Soar,"New Spell Remembered",,,,,129,0,0,5268,12,3,64873,0,4622485,0,0,0,0,0,0,0
"Deep Breath","New Spell Remembered",,,,,130,0,0,5268,12,3,65045,0,4622450,0,0,0,0,0,0,0
Specialization,"Feature Unlocked!",,"New Feature Unlocked: |cffFF4E00|Hspecpane:|h[Specializations]|h|r",,,135,0,0,5268,12,3,65701,0,4574311,0,0,0,0,0,0,0
Talents,"Feature Unlocked!",,"New Feature Unlocked: |cffFF4E00|Htalentpane:|h[Talents]|h|r",,,136,0,0,5268,12,3,65101,0,4574311,0,0,0,0,0,0,0
"Fire Breath","New Spell Remembered",,,,,137,92737,4690,5268,21,3,357208,0,4622458,0,0,0,0,0,0,0
"Emerald Blossom","New Spell Remembered",,,,,138,92737,0,5268,21,3,355913,0,4622457,0,0,0,0,0,0,0
Soar,"New Spell Remembered",,,,,139,92737,0,5268,21,3,369536,0,4622485,0,0,0,0,0,0,0
Hover,"New Spell Remembered",,,,,145,0,0,5268,12,3,66324,0,4622463,0,0,0,0,0,0,0
Talents,"Feature Unlocked!",,"New Feature Unlocked: |cffFF4E00|Htalentpane:|h[Talents]|h|r",,,146,0,0,5268,12,3,65613,0,4574311,0,0,0,0,0,0,0
,,,"Your Finesse helps you gather something extra:",,,147,0,0,0,22,3,0,0,0,0,0,0,0,0,0,0
,,,"Your Perception helps you find something extra:",,,148,0,0,0,22,3,0,0,0,0,0,0,0,0,0,0
,,,"Your first time crafting this recipe has taught you something new:",,,152,0,0,0,22,3,0,0,0,0,0,0,0,0,0,0
,,,"Some Artisan's Mettle has coalesced from your new knowledge:",,,154,0,0,0,22,3,0,0,0,0,0,0,0,0,0,0
"Dragonriding Unlocked","Take wing across the skies on|nDragon Isle Drakes",,,,,155,0,0,5474,16,6,376027,0,0,0,0,0,0,0,0,0
"New Talent Point Available","Your power increased!",,"New |cff20ff20|Htalentpane:|h[Talent Point]|h|r available!",,,156,104401,12012,0,15,3,0,0,132222,0,0,0,0,0,0,0
"Winds of the Isles","New Dragonriding Skill Unlocked!",,,,,159,0,12014,5468,16,3,377485,0,4640500,0,0,0,0,0,0,0
"Whirling Surge","New Dragonriding Skill Unlocked!",,,,,160,0,12014,5468,16,3,377709,0,4640477,0,0,0,0,0,0,0
"Bronze Timelock","New Dragonriding Skill Unlocked!",,,,,161,0,12014,5468,16,3,377404,0,134156,0,0,0,0,0,0,0
"Overflowing Satchel of Coins!",,,"You find an overflowing satchel with thousands of gold coins in the chest: ",,,162,0,0,0,22,3,0,0,4549223,0,0,0,0,0,0,0
"Dragon Purse!",,,"You find an extra purse of gold coins in the chest:",,,163,0,0,0,22,3,0,0,1519428,0,0,0,0,0,0,0
,,,"You received an item at an item level higher than usual:",,,164,0,0,0,22,3,0,0,0,0,0,0,0,0,0,0
,,,"You received an item with a significantly higher item level than usual:",,,165,0,0,0,22,3,0,0,0,0,0,0,0,0,0,0
"Caravan Strongbox!",,,"For aiding the caravan in its travels, you have earned the following item:","The Aylaag centaurs of the caravan have awarded you with a strongbox in appreciation of your efforts. Inside may be valuable equipment, artifacts, and trade items.",,166,0,0,0,22,3,0,0,1603185,0,0,0,0,0,0,0
"Dragonbane Keep Strongbox!",,,"For your assistance in retaking Dragonbane Keep, you have earned the following item:","Boss has awarded you a captured strongbox that can contain equipment, gold, Dragon Isles Supplies, reputation, and cosmetic items.",,167,0,0,0,22,3,0,0,3753264,0,0,0,0,0,0,0
"Grand Hunt Spoils!",,,"For your prowess in the Grand Hunt, you receive the following item:","Hunt spoils can include equipment, hunting trophies, Dragon Isles Supplies, and cosmetic items. ",,168,0,0,0,22,3,0,0,1519430,0,0,0,0,0,0,0
"Delve Complete!","|cFF1eff00Delve Gems Earned: %2593c |nTotal Delve Gems: %2531c |TInterface\ICONS\INV_STONE_03.BLP:16:16|t|r|n|n Explorer's Points Earned: %2591c|n Current Explorer's Score: %2592c",,,,,175,0,0,5388,17,8,414849,0,0,0,843,0,0,218671,0,0
"Delve Complete!",,,,,,177,0,12015,0,18,7,0,0,2023053,0,0,0,0,0,0,0
"Cleansing Salve","Brann Ability Unlocked!",,"|cff20ff20|Hdelvecompanionconfig:|h[Brann Bronzebeard]|h|r has learned a new ability: |cff71D5FF|Hspell:434855|h[Cleansing Salve]|r.",,,178,0,12014,0,18,3,0,0,1014025,0,0,0,0,0,0,0
"Holy Shield","You are temporarily immune to all damage!",,,,,179,0,0,0,18,6,0,0,1307018,0,0,0,0,0,0,0
"Lightning in a Bottle","Lightning will strike nearby enemies!",,,,,180,0,0,0,18,6,0,0,1307018,0,0,0,0,0,0,0
"Rogue Potion","Enemies drop treasures if you walk through them!",,,,,181,0,0,0,18,6,0,0,1307018,0,0,0,0,0,0,0
Discovery,"Fungal Folly",,,,,182,0,0,5474,18,6,0,0,0,0,0,0,0,0,0,0
Discovery,"Respawn Point Unlocked!",,"Discovery:|cff71D5FF|Hspell:433110|h [Respawn Point]|r Unlocked!",,,183,0,0,5554,18,6,0,0,0,0,0,0,0,0,0,0
"GREAT VAULT SLOT UNLOCKED",,,,,,184,0,0,0,23,9,0,0,0,0,0,0,0,261305,0,0
"GREAT VAULT SLOT UPGRADED",,,,,,185,0,0,0,24,10,0,0,0,0,0,0,0,267289,0,0
,,,,,,188,0,0,0,25,11,0,0,0,0,0,0,0,0,0,0
ELIMINATED,"You placed #%1986c",,,,,192,0,0,5559,18,2,0,0,0,1112,0,0,0,243383,0,0
VICTORY,"You placed #1",,,,,193,0,0,5560,18,2,0,0,0,1112,0,0,0,243382,0,1
"Match Complete","Go again!",,,,,194,0,0,5560,18,2,0,0,0,0,0,0,0,243383,0,1
"Level %d","You've Reached",,,,,198,120872,0,5571,0,2,0,0,0,1110,0,0,0,0,0,0
"Hero Talents","Feature Unlocked!",,"New Feature Unlocked: |cffFF4E00|Htalentpane:|h[Hero Talents]|h|r",,,199,123009,12015,0,15,3,0,-1,132222,0,0,0,0,0,0,0
"New Hero Talent Point Available","Your power increased!",,"New |cff20ff20|Htalentpane:|h[Hero Talent Point]|h|r available!",,,200,123011,12012,0,15,3,0,-2,132222,0,0,0,0,0,0,0
,,,"Brann Bronzebeard helped you gather something extra:",,,201,0,0,0,22,3,0,0,0,0,0,0,0,0,0,0
"Test %3199w",,"Mount Test",,,,203,0,0,0,16,0,452025,0,0,0,0,0,0,0,0,0
,,,"Some Artisan's Acuity has coalesced from your new knowledge:",,,204,0,0,0,22,3,0,0,0,0,0,0,0,0,0,0
,,,,,,205,0,0,5474,18,6,0,0,0,1270,0,0,0,0,0,0
"Special Assignment Unlocked!","Check your zone map for details.",,,,,206,0,27650,0,18,12,0,0,0,0,0,0,0,0,0,0
,,,"Your Perception helps you find something extra:",,,207,0,0,0,22,3,0,0,0,0,0,0,0,0,0,0
"Combat Curios","Brann Ability Unlocked!",,"|cff20ff20|Hdelvecompanionconfig:|h[Brann Bronzebeard]|h|r has unlocked: |cff71D5FF|Hspell:456542|h[Combat Curios]|r.",,,208,0,12015,0,18,3,0,0,3192685,0,0,0,0,0,0,0
"Emergency Supplies","Brann Ability Unlocked!",,"|cff20ff20|Hdelvecompanionconfig:|h[Brann Bronzebeard]|h|r has learned a new ability: |cff71D5FF|Hspell:421395|h[Emergency Supplies]|r.",,,209,0,12014,0,18,3,0,0,1387611,0,0,0,0,0,0,0
"Tranquilizing Blow Dart","Brann Ability Unlocked!",,"|cff20ff20|Hdelvecompanionconfig:|h[Brann Bronzebeard]|h|r has learned a new ability: |cff71D5FF|Hspell:421380|h[Tranquilizing Blow Dart]|r.",,,210,0,12014,0,18,3,0,0,1633109,0,0,0,0,0,0,0
"Utility Curios","Brann Ability Unlocked!",,"|cff20ff20|Hdelvecompanionconfig:|h[Brann Bronzebeard]|h|r has unlocked: |cff71D5FF|Hspell:456543|h[Utility Curios]|r.",,,211,0,12015,0,18,3,0,0,3192685,0,0,0,0,0,0,0
"Brann's Epic Egg","Brann Ability Unlocked!",,"|cff20ff20|Hdelvecompanionconfig:|h[Brann Bronzebeard]|h|r has learned a new ability: |cff71D5FF|Hspell:421382|h[Brann's Epic Egg]|r.",,,212,0,12014,0,18,3,0,0,294479,0,0,0,0,0,0,0
"Relic of Uldum","Brann Ability Unlocked!",,"|cff20ff20|Hdelvecompanionconfig:|h[Brann Bronzebeard]|h|r has learned a new ability: |cff71D5FF|Hspell:421376|h[Relic of Uldum]|r.",,,213,0,12014,0,18,3,0,0,454069,0,0,0,0,0,0,0
"Isle of Dorn Portal Unlocked","The Weaver's Lair",,,,,253,0,0,5586,12,3,78248,0,5901551,0,0,0,0,0,0,0
"Aegis of Ironforge","Brann Ability Unlocked!",,"|cff20ff20|Hdelvecompanionconfig:|h[Brann Bronzebeard]|h|r has learned a new ability: |cff71D5FF|Hspell:434904|h[Aegis of Ironforge]|r.",,,214,0,12014,0,18,3,0,0,3155390,0,0,0,0,0,0,0
"Thirty Yards of Rope","Brann Ability Unlocked!",,"|cff20ff20|Hdelvecompanionconfig:|h[Brann Bronzebeard]|h|r has learned a new ability: |cff71D5FF|Hspell:421378|h[Thirty Yards of Rope]|r.",,,215,0,12014,0,18,3,0,0,1119938,0,0,0,0,0,0,0
"Explorer's Medical Journal","Brann Ability Unlocked!",,"|cff20ff20|Hdelvecompanionconfig:|h[Brann Bronzebeard]|h|r has learned a new passive effect: |cff71D5FF|Hspell:448286|h[Explorer's Medical Journal]|r.",,,216,0,12014,0,18,3,0,0,4624733,0,0,0,0,0,0,0
"Trusty Whip","Brann Ability Unlocked!",,"|cff20ff20|Hdelvecompanionconfig:|h[Brann Bronzebeard]|h|r has learned a new ability: |cff71D5FF|Hspell:421285|h[Trusty Whip]|r.",,,217,0,12014,0,18,3,0,0,460858,0,0,0,0,0,0,0
"Ancient Weapon Oil","Brann Ability Unlocked!",,"|cff20ff20|Hdelvecompanionconfig:|h[Brann Bronzebeard]|h|r has learned a new ability: |cff71D5FF|Hspell:449666|h[Ancient Weapon Oil]|r.",,,218,0,12014,0,18,3,0,0,134726,0,0,0,0,0,0,0
"Kill Shot","Brann Ability Unlocked!",,"|cff20ff20|Hdelvecompanionconfig:|h[Brann Bronzebeard]|h|r has learned a new ability: |cff71D5FF|Hspell:435163|h[Kill Shot]|r.",,,219,0,12014,0,18,3,0,0,236174,0,0,0,0,0,0,0
"Ice Trap","Brann Ability Unlocked!",,"|cff20ff20|Hdelvecompanionconfig:|h[Brann Bronzebeard]|h|r has learned a new ability: |cff71D5FF|Hspell:421389|h[Ice Trap]|r.",,,220,0,12014,0,18,3,0,0,612394,0,0,0,0,0,0,0
"Monkey Leash","Brann Ability Unlocked!",,"|cff20ff20|Hdelvecompanionconfig:|h[Brann Bronzebeard]|h|r has learned a new ability: |cff71D5FF|Hspell:421387|h[Monkey Leash]|r.",,,221,0,12014,0,18,3,0,0,1392562,0,0,0,0,0,0,0
"Gryphadin's Battle Harness","Brann Ability Unlocked!",,"|cff20ff20|Hdelvecompanionconfig:|h[Brann Bronzebeard]|h|r has learned a new ability: |cff71D5FF|Hspell:421397|h[Gryphadin's Battle Harness]|r.",,,222,0,12014,0,18,3,0,0,773275,0,0,0,0,0,0,0
"Explorer's Ammunition Journal","Brann Ability Unlocked!",,"|cff20ff20|Hdelvecompanionconfig:|h[Brann Bronzebeard]|h|r has learned a new passive effect: |cff71D5FF|Hspell:448287|h[Explorer's Ammunition Journal]|r.",,,223,0,12014,0,18,3,0,0,4624728,0,0,0,0,0,0,0
"Explorer's Ammunition Journal","Brann's power increased!",,"|cff20ff20|Hdelvecompanionconfig:|h[Brann Bronzebeard]|h|r has increased his rank of: |cff71D5FF|Hspell:448287|h[Explorer's Ammunition Journal]|r.",,,224,0,12012,0,18,3,0,0,4624728,0,0,0,0,0,0,0
"Explorer's Medical Journal","Brann's power increased!",,"|cff20ff20|Hdelvecompanionconfig:|h[Brann Bronzebeard]|h|r has increased his rank of: |cff71D5FF|Hspell:448286|h[Explorer's Medical Journal]|r.",,,225,0,12012,0,18,3,0,0,4624733,0,0,0,0,0,0,0
"Radiant Echoes",,"Defeat the gathering memories across Dragonblight",,,,227,0,0,5623,16,6,458297,0,0,0,0,0,0,0,0,0
"Radiant Echoes",,"Defeat Arthas",,,,228,0,0,5623,16,6,458298,0,0,0,0,0,0,0,0,0
"Radiant Echoes",,"Defeat the gathering memories across Searing Gorge",,,,232,0,0,5623,16,6,458336,0,0,0,0,0,0,0,0,0
"Radiant Echoes",,"Defeat the gathering memories across Dustwallow Marsh",,,,233,0,0,5623,16,6,458331,0,0,0,0,0,0,0,0,0
"Radiant Echoes",,"Defeat Ragnaros",,,,234,0,0,5623,16,6,458337,0,0,0,0,0,0,0,0,0
"Radiant Echoes",,"Defeat Onyxia",,,,235,0,0,5623,16,6,458332,0,0,0,0,0,0,0,0,0
"Skyriding Unlocked","Khaz Algar",,,,,238,0,12014,5586,12,3,78533,0,5922053,0,0,0,0,0,0,0
"Ground Mounts","Feature Unlocked!",,"New Feature Unlocked: |cffFF4E00|Hmountequipment:|h[Ground Mounts]|h|r",,,240,126770,12015,0,15,3,0,0,132261,0,0,0,0,0,0,0
"Flying Mounts","Feature Unlocked!",,"New Feature Unlocked: |cffFF4E00|Hmountequipment:|h[Flying Mounts]|h|r",,,241,126772,12015,0,15,3,0,0,5142725,0,0,0,0,0,0,0
"Steady Flight","Feature Unlocked!",,"You can now switch between the Steady Flight and Skyriding flight styles.",,,243,126778,12015,0,15,3,0,0,5142726,0,0,0,0,0,0,0
"Rumor Completed",,,,,,244,0,0,5554,18,0,0,0,0,0,0,0,0,0,0,0
"Rumor Accepted",,,,,,245,0,0,5554,18,0,0,0,0,0,0,0,0,0,0,0
"World Quests, Rumors, and Caches unlocked","Pact: The Weaver",,,,,246,0,0,5554,18,3,0,0,5862764,0,0,0,0,0,0,0
"World Quests, Rumors, and Memorials unlocked","Pact: The General",,,,,247,0,0,5554,18,3,0,0,5862762,0,0,0,0,0,0,0
"World Quests, Rumors, and Excavations unlocked","Pact: The Vizier",,,,,248,0,0,5554,18,3,0,0,5862762,0,0,0,0,0,0,0
"Rumor Completed",,,,,,249,0,0,5554,18,0,0,0,0,0,0,0,0,0,0,0
"Rumor Accepted",,,,,,250,0,0,5554,18,0,0,0,0,0,0,0,0,0,0,0
"Rumor Completed",,,,,,251,0,0,5554,18,0,0,0,0,0,0,0,0,0,0,0
"Revives Reset","Tier and Rewards Lowered",,,,,255,0,0,5554,18,6,0,0,0,0,0,0,0,0,0,0
"|cnRED_FONT_COLOR:0 Lives Remaining|r",,,,,,256,0,0,5554,18,13,0,0,6013778,0,0,0,0,0,0,0
"One Life Remaining!",,,,,,258,0,0,5554,18,13,0,0,6013778,0,0,0,0,0,0,0
,,,"Some Artisan's Acuity has coalesced from your new knowledge:",,,259,0,0,0,22,3,0,0,0,0,0,0,0,0,0,0
"Gathering Tools","Brann Ability Unlocked!",,"|cff20ff20|Hdelvecompanionconfig:|h[Brann Bronzebeard]|h|r has learned a new ability: |cff71D5FF|Hspell:453812|h[Gathering Tools]|r.",,,260,0,12014,0,18,3,0,0,4374707,0,0,0,0,0,0,0
"+1 Life",,,,,,263,0,0,5554,18,13,0,0,6013778,0,0,0,0,0,0,0
"Underpin's Goons Thwarted!","Rewards Increased",,,,,264,0,0,5554,18,6,0,0,0,0,0,0,0,0,0,0
"Thunderlord's Crackling Citrine","Obtained Singing Citrine","Can now be purchased from Didi the Wrench.",,,,265,130603,0,5268,22,3,0,0,6215538,0,0,0,0,0,0,0
"Squall Sailor's Citrine","Obtained Singing Citrine","Can now be purchased from Didi the Wrench.",,,,266,130276,0,5268,22,3,0,0,6215541,0,0,0,0,0,0,0
"Undersea Overseer's Citrine","Obtained Singing Citrine","Can now be purchased from Didi the Wrench.",,,,267,130275,0,5268,22,3,0,0,6215539,0,0,0,0,0,0,0
"Storm Sewer's Citrine","Obtained Singing Citrine","Can now be purchased from Apprentice Tanmar.",,,,268,130282,0,5268,22,3,0,0,6215513,0,0,0,0,0,0,0
"Old Salt's Bardic Citrine","Obtained Singing Citrine","Can now be purchased from Apprentice Tanmar.",,,,269,130283,0,5268,22,3,0,0,6215516,0,0,0,0,0,0,0
"Mariner's Hallowed Citrine","Obtained Singing Citrine","Can now be purchased from Apprentice Tanmar.",,,,270,130605,0,5268,22,3,0,0,6215515,0,0,0,0,0,0,0
"Stormbringer's Runed Citrine","Obtained Singing Citrine","Can now be purchased from Angorla.",,,,271,130286,0,5268,22,3,0,0,6215532,0,0,0,0,0,0,0
"Fathomdweller's Runed Citrine","Obtained Singing Citrine","Can now be purchased from Angorla.",,,,272,130285,0,5268,22,3,0,0,6215529,0,0,0,0,0,0,0
"Windsinger's Runed Citrine","Obtained Singing Citrine","Can now be purchased from Angorla.",,,,273,130604,0,5268,22,3,0,0,6215530,0,0,0,0,0,0,0
"Legendary Skipper's Citrine","Obtained Singing Citrine","Can now be purchased from Taljori.",,,,274,130512,0,5268,22,3,0,0,6215534,0,0,0,0,0,0,0
"Seabed Leviathan's Citrine","Obtained Singing Citrine","Can now be purchased from Taljori.",,,,275,130415,0,5268,22,3,0,0,6215535,0,0,0,0,0,0,0
"Roaring War-Queen's Citrine","Obtained Singing Citrine","Can now be purchased from Taljori.",,,,276,130513,0,5268,22,3,0,0,6215536,0,0,0,0,0,0,0
"Nemesis Strongbox Upgraded",,,,,,277,0,0,5554,18,13,0,0,6381230,0,0,0,0,0,0,0
Title,Subtitle,"Our heroes go on some whacky adventure to do some whacky stuff to save the world....again. Our heroes go on some whacky adventure to do some whacky stuff to save the world....again. Our heroes go on some whacky adventure to do some whacky stuff to save the world....again. Our heroes go on some whacky adventure to do some whacky stuff to save the world....again. Our heroes go on some whacky adventu",,"Title Tooltip","Subtitle Tooltip",278,0,15864,5554,18,12,0,0,1061206,0,0,0,0,0,0,0
"Explorer's Survival Journal","Brann's power increased!",,"|cff20ff20|Hdelvecompanionconfig:|h[Brann Bronzebeard]|h|r has increased his rank of: |cff71D5FF|Hspell:472874|h[Explorer's Survival Journal]|r.",,,279,0,12012,0,18,3,0,0,4625105,0,0,0,0,0,0,0
"Explorer's Survival Journal","Brann Ability Unlocked!",,"|cff20ff20|Hdelvecompanionconfig:|h[Brann Bronzebeard]|h|r has learned a new passive effect: |cff71D5FF|Hspell:472874|h[Explorer's Survival Journal]|r.",,,280,0,12014,0,18,3,0,0,4625105,0,0,0,0,0,0,0
"Sentry Totem","Brann Ability Unlocked!",,"|cff20ff20|Hdelvecompanionconfig:|h[Brann Bronzebeard]|h|r has learned a new ability: |cff71D5FF|Hspell:473633|h[Sentry Totem]|r.",,,281,0,12014,0,18,3,0,0,1385909,0,0,0,0,0,0,0
"Neat Rope Trick","Brann Ability Unlocked!",,"|cff20ff20|Hdelvecompanionconfig:|h[Brann Bronzebeard]|h|r has learned a new ability: |cff71D5FF|Hspell:472848|h[Neat Rope Trick]|r.",,,282,0,12014,0,18,3,0,0,1119937,0,0,0,0,0,0,0
"Lightning Link","Brann Ability Unlocked!",,"|cff20ff20|Hdelvecompanionconfig:|h[Brann Bronzebeard]|h|r has learned a new ability: |cff71D5FF|Hspell:1215128|h[Lightning Link]|r.",,,283,0,12014,0,18,3,0,0,1385911,0,0,0,0,0,0,0
"Grand Brann Slam","Brann Ability Unlocked!",,"|cff20ff20|Hdelvecompanionconfig:|h[Brann Bronzebeard]|h|r has learned a new ability: |cff71D5FF|Hspell:472803|h[Grand Brann Slam]|r.",,,284,0,12014,0,18,3,0,0,236444,0,0,0,0,0,0,0
"Electro-Charged Gadgets","Brann Ability Unlocked!",,"|cff20ff20|Hdelvecompanionconfig:|h[Brann Bronzebeard]|h|r has learned a new ability: |cff71D5FF|Hspell:473707|h[Electro-Charged Gadgets]|r.",,,285,0,12014,0,18,3,0,0,4548867,0,0,0,0,0,0,0
"   
Prey: Grothoz, the Burning Shadow",,,,,,325,0,0,5704,18,6,0,0,0,1668,0,0,0,0,0,0
"Bronzebeard's Brown Bear","Brann Ability Unlocked!",,"|cff20ff20|Hdelvecompanionconfig:|h[Brann Bronzebeard]|h|r has learned a new ability: |cff71D5FF|Hspell:473521|h[Bronzebeard's Brown Bear]|r.",,,286,0,12014,0,18,3,0,0,132183,0,0,0,0,0,0,0
Scoreboard,,,,,,287,0,0,0,18,14,0,0,0,1504,0,0,0,0,0,1
Discovery,Waystone,,"Discovery:|cff71D5FF|Hspell:1228297|h [Waystone]|r.",,,288,0,0,5554,18,6,0,99,0,0,0,0,0,0,0,0
COMPLETE,"Event Complete!
 |cFF1eff00Unalloyed Abundance Earned: 300 |TInterface\ICONS\INV_10_Gathering_BioluminescentSpores_Large.BLP:16:16|t|r",,,,,289,0,0,5765,17,8,1229176,0,0,0,1532,0,0,0,0,0
,,,"Discovery:|cff71D5FF|Hspell:1228297|h [Waystone]|r.",,,290,0,0,5708,18,6,0,99,0,0,0,0,0,0,0,0
"Winds of Akil'zon Unlocked",Skyriding,,,,,291,0,0,5586,12,3,90823,0,4640500,0,0,0,0,0,0,0
"Blessing: Akil'zon's Gale Unlocked","Loa Blessing",,,,,292,0,0,5586,12,3,86809,0,132172,0,0,0,0,0,0,0
"Blessing: Halazzi's Focus Unlocked","Loa Blessing",,,,,293,0,0,5586,12,3,92084,0,132142,0,0,0,0,0,0,0
"Blessing: Jan'alai's Everburn Unlocked","Loa Blessing",,,,,294,0,0,5586,12,3,90772,0,6119037,0,0,0,0,0,0,0
"Blessing: Nalorakk's Pressure Unlocked","Loa Blessing",,,,,295,0,0,5586,12,3,91958,0,132183,0,0,0,0,0,0,0
"Guest of the Amani Unlocked",Zul'Aman,,,,,296,0,0,5586,12,3,86722,0,1455894,0,0,0,0,0,0,0
"   
Prey: Magister Sunbreaker",,,,,,297,0,0,5704,18,6,0,0,0,1668,0,0,0,0,0,0
"   
Prey: Magistrix Emberlash",,,,,,298,0,0,5704,18,6,0,0,0,1668,0,0,0,0,0,0
"   
Prey: Senior Tinker Ozwold",,,,,,299,0,0,5704,18,6,0,0,0,1668,0,0,0,0,0,0
"   
Prey: L-N-0R the Recycler",,,,,,300,0,0,5704,18,6,0,0,0,1668,0,0,0,0,0,0
"   
Prey: Mordril Shadowfell",,,,,,301,0,0,5704,18,6,0,0,0,1668,0,0,0,0,0,0
"   
Prey: Deliah Gloomsong",,,,,,302,0,0,5704,18,6,0,0,0,1668,0,0,0,0,0,0
"   
Prey: Phaseblade Talasha",,,,,,303,0,0,5704,18,6,0,0,0,1668,0,0,0,0,0,0
"   
Prey: Nexus-Edge Hadim",,,,,,304,0,0,5704,18,6,0,0,0,1668,0,0,0,0,0,0
"   
Prey: Jo'zolo the Breaker",,,,,,305,0,0,5704,18,6,0,0,0,1668,0,0,0,0,0,0
"   
Prey: Zadu, Fist of Nalorakk",,,,,,306,0,0,5704,18,6,0,0,0,1668,0,0,0,0,0,0
"   
Prey: The Talon of Janali",,,,,,307,0,0,5704,18,6,0,0,0,1668,0,0,0,0,0,0
"   
Prey: The Wing of Akil'zon",,,,,,308,0,0,5704,18,6,0,0,0,1668,0,0,0,0,0,0
"   
Prey: Ranger Swiftglade",,,,,,309,0,0,5704,18,6,0,0,0,1668,0,0,0,0,0,0
"   
Prey: Lieutenant Blazewing",,,,,,310,0,0,5704,18,6,0,0,0,1668,0,0,0,0,0,0
"   
Prey: Petyoll the Razorleaf",,,,,,311,0,0,5704,18,6,0,0,0,1668,0,0,0,0,0,0
"   
Prey: Lamyne of the Undercroft",,,,,,312,0,0,5704,18,6,0,0,0,1668,0,0,0,0,0,0
"   
Prey: High Vindicator Vureem",,,,,,313,0,0,5704,18,6,0,0,0,1668,0,0,0,0,0,0
"   
Prey: Crusader Luxia Maxwell",,,,,,314,0,0,5704,18,6,0,0,0,1668,0,0,0,0,0,0
"   
Prey: Praetor Singularis",,,,,,315,0,0,5704,18,6,0,0,0,1668,0,0,0,0,0,0
"   
Prey: Consul Nebulor",,,,,,316,0,0,5704,18,6,0,0,0,1668,0,0,0,0,0,0
"   
Prey: Executor Kaenius",,,,,,317,0,0,5704,18,6,0,0,0,1668,0,0,0,0,0,0
"   
Prey: Imperator Enigmalia",,,,,,318,0,0,5704,18,6,0,0,0,1668,0,0,0,0,0,0
"   
Prey: Knight-Errant Bloodshatter",,,,,,319,0,0,5704,18,6,0,0,0,1668,0,0,0,0,0,0
"   
Prey: Vylenna the Defector",,,,,,320,0,0,5704,18,6,0,0,0,1668,0,0,0,0,0,0
"   
Prey: Lost Theldrin",,,,,,321,0,0,5704,18,6,0,0,0,1668,0,0,0,0,0,0
"   
Prey: Neydra the Starving",,,,,,322,0,0,5704,18,6,0,0,0,1668,0,0,0,0,0,0
"   
Prey: Thornspeaker Edgath",,,,,,323,0,0,5704,18,6,0,0,0,1668,0,0,0,0,0,0
"   
Prey: Thorn-Witch Liset",,,,,,324,0,0,5704,18,6,0,0,0,1668,0,0,0,0,0,0
"   
Prey: Dengzag, the Darkened Blaze",,,,,,326,0,0,5704,18,6,0,0,0,1668,0,0,0,0,0,0
"The crystal burns in your Prey's direction",,,,,,327,0,0,0,18,13,0,0,0,1852,0,0,0,0,0,0
Complete,"|cFF1eff00Abyss Anglers Completed!
 |cFF1eff00Angler Pearls Earned: 300 |TInterface\ICONS\INV_MISC_ENCHANTEDPEARL.BLP:16:16|t|r",,,,,334,0,0,5765,17,8,1253233,0,0,0,1994,0,0,0,0,0
"Flickering Spoils Will Manifest Upon Delve Completion",,,,,,337,0,0,5554,18,13,0,0,4914669,0,0,0,0,0,0,0
"Shadowed Flickering Spoils Will Manifest Upon Delve Completion",,,,,,338,0,0,5554,18,13,0,0,4914669,0,0,0,0,0,0,0
"A Flickergate Has Manifested Within",,,,,,339,0,0,5554,18,13,0,0,4914669,0,0,0,0,0,0,0
,,,,,,340,0,0,0,26,15,0,0,0,0,0,0,0,0,0,0
"Prey Defeated",,"Total Time:
%49752e Hours, %49756e Minutes, %49754e Seconds",,,,341,0,0,5704,18,6,0,0,0,0,0,0,0,0,0,0
Unrelenting,"Valeera Ability Unlocked!",,"|cff20ff20|Hdelvecompanionconfig:|h[Valeera Sanguinar]|h|r has learned a new ability: |cff71D5FF|Hspell:1248169|h[Unrelenting]|r.",,,343,0,12014,0,18,3,0,0,5041289,0,0,0,0,0,0,0
"Blood Contract","Valeera Ability Unlocked!",,"|cff20ff20|Hdelvecompanionconfig:|h[Valeera Sanguinar]|h|r has learned a new ability: |cff71D5FF|Hspell:1248108|h[Blood Contract]|r.",,,344,0,12014,0,18,3,0,0,441148,0,0,0,0,0,0,0
"Tools of the Trade","Valeera Ability Unlocked!",,"|cff20ff20|Hdelvecompanionconfig:|h[Valeera Sanguinar]|h|r has learned a new ability: |cff71D5FF|Hspell:1249528|h[Tools of the Trade]|r.",,,345,0,12014,0,18,3,0,0,132594,0,0,0,0,0,0,0
"Dagger to the Throat","Valeera Ability Unlocked!",,"|cff20ff20|Hdelvecompanionconfig:|h[Valeera Sanguinar]|h|r has learned a new ability: |cff71D5FF|Hspell:1248172|h[Dagger to the Throat]|r.",,,346,0,12014,0,18,3,0,0,132324,0,0,0,0,0,0,0
"Poison of the Forgotten Master","Valeera Ability Unlocked!",,"|cff20ff20|Hdelvecompanionconfig:|h[Valeera Sanguinar]|h|r has learned a new ability: |cff71D5FF|Hspell:1248501|h[Poison of the Forgotten Master]|r.",,,347,0,12014,0,18,3,0,0,538441,0,0,0,0,0,0,0
"Killing Spree","Valeera Ability Unlocked!",,"|cff20ff20|Hdelvecompanionconfig:|h[Valeera Sanguinar]|h|r has learned a new ability: |cff71D5FF|Hspell:1248011|h[Killing Spree]|r.",,,348,0,12014,0,18,3,0,0,236277,0,0,0,0,0,0,0
"Cheap Shot","Valeera Ability Unlocked!",,"|cff20ff20|Hdelvecompanionconfig:|h[Valeera Sanguinar]|h|r has learned a new ability: |cff71D5FF|Hspell:1248196|h[Cheap Shot]|r.",,,349,0,12014,0,18,3,0,0,460691,0,0,0,0,0,0,0
Assassinate,"Valeera Ability Unlocked!",,"|cff20ff20|Hdelvecompanionconfig:|h[Valeera Sanguinar]|h|r has learned a new ability: |cff71D5FF|Hspell:1248339|h[Assassinate]|r.",,,350,0,12014,0,18,3,0,0,236174,0,0,0,0,0,0,0
"No Witnesses","Valeera Ability Unlocked!",,"|cff20ff20|Hdelvecompanionconfig:|h[Valeera Sanguinar]|h|r has learned a new ability: |cff71D5FF|Hspell:1248595|h[No Witnesses]|r.",,,351,0,12014,0,18,3,0,0,132305,0,0,0,0,0,0,0
"Uncrowned's Bloody Ledger","Valeera Ability Unlocked!",,"|cff20ff20|Hdelvecompanionconfig:|h[Valeera Sanguinar]|h|r has learned a new passive effect: |cff71D5FF|Hspell:1260257|h[Uncrowned's Bloody Ledger]|r.",,,352,0,12014,0,18,3,0,0,4549131,0,0,0,0,0,0,0
"Uncrowned's Bloody Ledger","Valeera's power increased!",,"|cff20ff20|Hdelvecompanionconfig:|h[Valeera Sanguinaar]|h|r has increased her rank of: |cff71D5FF|Hspell:1260257|h[Uncrowned's Bloody Ledger]|r.",,,353,0,12012,0,18,3,0,0,4549131,0,0,0,0,0,0,0
"Vampiric Reaping","Valeera Ability Unlocked!",,"|cff20ff20|Hdelvecompanionconfig:|h[Valeera Sanguinar]|h|r has learned a new ability: |cff71D5FF|Hspell:1249953|h[Vampiric Reaping]|r.",,,354,0,12014,0,18,3,0,0,1450139,0,0,0,0,0,0,0
"Shadow Veil","Valeera Ability Unlocked!",,"|cff20ff20|Hdelvecompanionconfig:|h[Valeera Sanguinar]|h|r has learned a new ability: |cff71D5FF|Hspell:1250738|h[Shadow Veil]|r.",,,355,0,12014,0,18,3,0,0,5852173,0,0,0,0,0,0,0
"Soulthirst Venom","Valeera Ability Unlocked!",,"|cff20ff20|Hdelvecompanionconfig:|h[Valeera Sanguinar]|h|r has learned a new ability: |cff71D5FF|Hspell:1251862|h[Soulthirst Venom]|r.",,,356,0,12014,0,18,3,0,0,132290,0,0,0,0,0,0,0
"Replenishing Fumes","Valeera Ability Unlocked!",,"|cff20ff20|Hdelvecompanionconfig:|h[Valeera Sanguinar]|h|r has learned a new ability: |cff71D5FF|Hspell:1250162|h[Replenishing Fumes]|r.",,,357,0,12014,0,18,3,0,0,237586,0,0,0,0,0,0,0
"Pain Killer","Valeera Ability Unlocked!",,"|cff20ff20|Hdelvecompanionconfig:|h[Valeera Sanguinar]|h|r has learned a new ability: |cff71D5FF|Hspell:1250763|h[Pain Killer]|r.",,,358,0,12014,0,18,3,0,0,135936,0,0,0,0,0,0,0
"Cloak of Darkness","Valeera Ability Unlocked!",,"|cff20ff20|Hdelvecompanionconfig:|h[Valeera Sanguinar]|h|r has learned a new ability: |cff71D5FF|Hspell:1250769|h[Cloak of Darkness]|r.",,,359,0,12014,0,18,3,0,0,136194,0,0,0,0,0,0,0
"Uncrowned's Alchemical Codex","Valeera Ability Unlocked!",,"|cff20ff20|Hdelvecompanionconfig:|h[Valeera Sanguinar]|h|r has learned a new passive effect: |cff71D5FF|Hspell:1261074|h[Uncrowned's Alchemical Codex]|r.",,,360,0,12014,0,18,3,0,0,4624733,0,0,0,0,0,0,0
"Uncrowned's Alchemical Codex","Valeera's power increased!",,"|cff20ff20|Hdelvecompanionconfig:|h[Valeera Sanguinaar]|h|r has increased her rank of: |cff71D5FF|Hspell:1261074|h[Uncrowned's Alchemical Codex]|r.",,,361,0,12012,0,18,3,0,0,4624733,0,0,0,0,0,0,0
"Deadened Nerves","Valeera Ability Unlocked!",,"|cff20ff20|Hdelvecompanionconfig:|h[Valeera Sanguinar]|h|r has learned a new ability: |cff71D5FF|Hspell:1250892|h[Deadened Nerves]|r.",,,362,0,12014,0,18,3,0,0,132286,0,0,0,0,0,0,0
"Your First Mistake","Valeera Ability Unlocked!",,"|cff20ff20|Hdelvecompanionconfig:|h[Valeera Sanguinar]|h|r has learned a new ability: |cff71D5FF|Hspell:1251050|h[Your First Mistake]|r.",,,363,0,12014,0,18,3,0,0,458737,0,0,0,0,0,0,0
"Bloodcrypt Toxin","Valeera Ability Unlocked!",,"|cff20ff20|Hdelvecompanionconfig:|h[Valeera Sanguinar]|h|r has learned a new ability: |cff71D5FF|Hspell:1251997|h[Bloodcrypt Toxin]|r.",,,364,0,12014,0,18,3,0,0,132290,0,0,0,0,0,0,0
"Poison Cloud","Valeera Ability Unlocked!",,"|cff20ff20|Hdelvecompanionconfig:|h[Valeera Sanguinar]|h|r has learned a new ability: |cff71D5FF|Hspell:1251054|h[Poison Cloud]|r.",,,365,0,12014,0,18,3,0,0,5764921,0,0,0,0,0,0,0
"Attack from the Shadows","Valeera Ability Unlocked!",,"|cff20ff20|Hdelvecompanionconfig:|h[Valeera Sanguinar]|h|r has learned a new ability: |cff71D5FF|Hspell:1251101|h[Attack from the Shadows]|r.",,,366,0,12014,0,18,3,0,0,3163618,0,0,0,0,0,0,0
"Blood-Stained Blades","Valeera Ability Unlocked!",,"|cff20ff20|Hdelvecompanionconfig:|h[Valeera Sanguinar]|h|r has learned a new ability: |cff71D5FF|Hspell:1251079|h[Blood-Stained Blades]|r.",,,367,0,12014,0,18,3,0,0,236304,0,0,0,0,0,0,0
"Uncrowned's Playbook of Subterfuge","Valeera Ability Unlocked!",,"|cff20ff20|Hdelvecompanionconfig:|h[Valeera Sanguinar]|h|r has learned a new passive effect: |cff71D5FF|Hspell:1261077|h[Uncrowned's Playbook of Subterfuge]|r.",,,368,0,12014,0,18,3,0,0,4549135,0,0,0,0,0,0,0
"Uncrowned's Playbook of Subterfuge","Valeera's power increased!",,"|cff20ff20|Hdelvecompanionconfig:|h[Valeera Sanguinaar]|h|r has increased her rank of: |cff71D5FF|Hspell:1261077|h[Uncrowned's Playbook of Subterfuge]|r.",,,369,0,12012,0,18,3,0,0,4549135,0,0,0,0,0,0,0
"A Sanctified Banner Has Manifested Within",,,,,,370,0,0,5554,18,13,0,0,462672,0,0,0,0,0,0,0
"Grand Sanctified Spoils Will Manifest Upon Delve Completion",,,,,,371,0,0,5554,18,13,0,0,462672,0,0,0,0,0,0,0
"Sanctified Spoils Will Manifest Upon Delve Completion",,,,,,372,0,0,5554,18,13,0,0,462672,0,0,0,0,0,0,0
,,,"Your Midnight Fishing Perception helps you find something extra:",,,373,0,0,0,22,3,0,0,0,0,0,0,0,0,0,0
"New dungeon unlocked!","Windrunner Spire","
",,,,374,0,0,0,19,4,111899,0,7266215,0,0,0,0,0,0,0
"New dungeon unlocked!","Murder Row","
",,,,375,0,0,0,19,4,111933,0,7266213,0,0,0,0,0,0,0
"New dungeon unlocked!","Magisters' Terrace","
",,,,376,0,0,0,19,4,111934,0,7439625,0,0,0,0,0,0,0
"New dungeon unlocked!","Maisara Caverns","
",,,,377,0,0,0,19,4,111935,0,7322719,0,0,0,0,0,0,0
"New dungeon unlocked!","Den of Nalorakk","
",,,,378,0,0,0,19,4,111936,0,7266214,0,0,0,0,0,0,0
"New dungeon unlocked!","The Blinding Vale","
",,,,379,0,0,0,19,4,111937,0,7354408,0,0,0,0,0,0,0
"New dungeon unlocked!","Voidscar Arena","
",,,,380,0,0,0,19,4,111938,0,7439626,0,0,0,0,0,0,0
"New dungeon unlocked!","Nexus-Point Xenas","
",,,,382,0,0,0,19,4,111939,0,7553062,0,0,0,0,0,0,0
COMPLETE,"Event Complete!
 |cFF1eff00Unalloyed Abundance Earned: 600 |TInterface\ICONS\INV_10_Gathering_BioluminescentSpores_Large.BLP:16:16|t|r",,,,,383,0,0,5765,17,8,1273114,0,0,0,1532,0,0,0,0,0
COMPLETE,"Event Complete!
 |cFF1eff00Unalloyed Abundance Earned: 900 |TInterface\ICONS\INV_10_Gathering_BioluminescentSpores_Large.BLP:16:16|t|r",,,,,384,0,0,5765,17,8,1273115,0,0,0,1532,0,0,0,0,0
COMPLETE,"Event Complete!",,,,,385,0,0,5765,17,8,1273116,0,0,0,1532,0,0,0,0,0
"Blessings of Medicine Unlocked","Kulzi, Loa of Medicine",,,"Kulzi, Loa of Medicine becomes available for worship at the Altar of Blessings in Amani'Zar Village.",,390,0,0,5727,18,3,0,0,7414435,0,0,0,0,0,0,0
"Blessings of Children Unlocked","Filo, Loa of Childhood",,,"Filo, Loa of Childhood becomes available for worship at the Altar of Blessings in Amani'Zar Village.",,391,0,0,5727,18,3,0,0,2205591,0,0,0,0,0,0,0
"Blessings of the Depths Unlocked","Pahk, Loa of the Depths",,,"Pahk, Loa of the Depths becomes available for worship at the Altar of Blessings in Amani'Zar Village.",,392,0,0,5727,18,3,0,0,2027958,0,0,0,0,0,0,0
"Blessings of Famine Unlocked","Mot'amra, Loa of Famine",,,"Mot'amra, Loa of Famine becomes available for worship at the Altar of Blessings in Amani'Zar Village.",,393,0,0,5727,18,3,0,0,2766226,0,0,0,0,0,0,0
"Blessings of Travelers Unlocked","Wo'la Mona, Loa of Travelers",,,"Wo'la Mona, Loa of Travelers becomes available for worship at the Altar of Blessings in Amani'Zar Village.",,394,0,0,5727,18,3,0,0,4034841,0,0,0,0,0,0,0
"Blessings of Subterfuge Unlocked","Shadra, Loa of Subterfuge",,,"Shadra, Loa of Subterfuge becomes available for worship at the Altar of Blessings in Amani'Zar Village.",,395,0,0,5727,18,3,0,0,2027951,0,0,0,0,0,0,0
"Blessings of Abundance Unlocked","Dundun, Loa of Abundance",,,"Dundun, Loa of Abundance becomes available for worship at the Altar of Blessings in Amani'Zar Village.",,396,0,0,5727,12,3,94834,0,6351950,0,0,0,0,0,0,0
"Blessings of Peril Unlocked","Puul, Loa of Peril",,,"Puul, Loa of Peril becomes available for worship at the Altar of Blessings in Amani'Zar Village.",,397,0,0,5727,18,3,0,0,294472,0,0,0,0,0,0,0
"Blessings of Growth Unlocked","Oe, Loa of Growth",,,"Oe, Loa of Growth becomes available for worship at the Altar of Blessings in Amani'Zar Village.",,398,0,0,5727,18,3,0,0,464030,0,0,0,0,0,0,0
"You have unlocked","Prey: Normal Mode",,,,,399,149566,0,0,12,4,93086,0,7493985,0,0,0,0,0,0,0
"You have unlocked","Prey: Hard Mode",,,,,400,149202,0,0,12,4,92178,0,7493985,0,0,0,0,0,0,0
"You have unlocked","Prey: Nightmare Mode",,,,,401,149203,0,0,12,4,92182,0,7493985,0,0,0,0,0,0,0
Complete,"|cFF1eff00Abyss Anglers Completed!
 |cFF1eff00Angler Pearls Earned: 600 |TInterface\ICONS\INV_MISC_ENCHANTEDPEARL.BLP:16:16|t|r",,,,,403,0,0,5765,17,8,1280008,0,0,0,1994,0,0,0,0,0
Complete,"|cFF1eff00Abyss Anglers Completed!
 |cFF1eff00Angler Pearls Earned: 900 |TInterface\ICONS\INV_MISC_ENCHANTEDPEARL.BLP:16:16|t|r",,,,,404,0,0,5765,17,8,1280009,0,0,0,1994,0,0,0,0,0
Complete,"|cFF1eff00Abyss Anglers Completed!",,,,,405,0,0,5765,17,8,1280010,0,0,0,1994,0,0,0,0,0
,,,"Valeera Sanguinar helped you gather something extra:",,,415,0,0,0,22,3,0,0,0,0,0,0,0,0,0,0
COMPLETE,"Event Complete!",,,,,418,0,0,5765,17,8,1283455,0,0,0,1532,0,0,0,0,0
Complete,"|cFF1eff00Abyss Anglers Completed!",,,,,419,0,0,5765,17,8,1283462,0,0,0,1994,0,0,0,0,0
ABUNDANCE,"High and Lifetime Scores",,,,,420,0,0,5765,17,8,1283464,0,0,0,1950,0,0,0,0,0
"ABYSS ANGLERS","High and Lifetime Scores",,,,,421,0,0,5765,17,8,1283466,0,0,0,1951,0,0,0,0,0
"Feature Unlocked!","Apex Talents",,"|cff20ff20|Htalentpane:|h[Apex Talent]|h|r unlocked!",,,422,152789,12015,0,15,4,0,-2,1305149,0,0,0,0,0,0,0
"Feature Unlocked!","Apex Talents",,"|cff20ff20|Htalentpane:|h[Apex Talent]|h|r unlocked!",,,423,152790,12015,0,15,4,0,-2,236699,0,0,0,0,0,0,0
"Feature Unlocked!","Apex Talents",,"|cff20ff20|Htalentpane:|h[Apex Talent]|h|r unlocked!",,,424,152791,12015,0,15,4,0,-2,3601558,0,0,0,0,0,0,0
"Feature Unlocked!","Apex Talents",,"|cff20ff20|Htalentpane:|h[Apex Talent]|h|r unlocked!",,,425,152796,12015,0,15,4,0,-2,7636565,0,0,0,0,0,0,0
"Feature Unlocked!","Apex Talents",,"|cff20ff20|Htalentpane:|h[Apex Talent]|h|r unlocked!",,,426,152797,12015,0,15,4,0,-2,7636564,0,0,0,0,0,0,0
"Feature Unlocked!","Apex Talents",,"|cff20ff20|Htalentpane:|h[Apex Talent]|h|r unlocked!",,,427,152798,12015,0,15,4,0,-2,572029,0,0,0,0,0,0,0
"Feature Unlocked!","Apex Talents",,"|cff20ff20|Htalentpane:|h[Apex Talent]|h|r unlocked!",,,428,152799,12015,0,15,4,0,-2,1585420,0,0,0,0,0,0,0
"Feature Unlocked!","Apex Talents",,"|cff20ff20|Htalentpane:|h[Apex Talent]|h|r unlocked!",,,429,152800,12015,0,15,4,0,-2,7439193,0,0,0,0,0,0,0
"Feature Unlocked!","Apex Talents",,"|cff20ff20|Htalentpane:|h[Apex Talent]|h|r unlocked!",,,430,152801,12015,0,15,4,0,-2,1392545,0,0,0,0,0,0,0
"Feature Unlocked!","Apex Talents",,"|cff20ff20|Htalentpane:|h[Apex Talent]|h|r unlocked!",,,431,152802,12015,0,15,4,0,-2,7636560,0,0,0,0,0,0,0
"Feature Unlocked!","Apex Talents",,"|cff20ff20|Htalentpane:|h[Apex Talent]|h|r unlocked!",,,432,152803,12015,0,15,4,0,-2,7514190,0,0,0,0,0,0,0
"Feature Unlocked!","Apex Talents",,"|cff20ff20|Htalentpane:|h[Apex Talent]|h|r unlocked!",,,433,152804,12015,0,15,4,0,-2,7514191,0,0,0,0,0,0,0
"Feature Unlocked!","Apex Talents",,"|cff20ff20|Htalentpane:|h[Apex Talent]|h|r unlocked!",,,434,152805,12015,0,15,4,0,-2,1711341,0,0,0,0,0,0,0
"Feature Unlocked!","Apex Talents",,"|cff20ff20|Htalentpane:|h[Apex Talent]|h|r unlocked!",,,435,152806,12015,0,15,4,0,-2,7137505,0,0,0,0,0,0,0
"Feature Unlocked!","Apex Talents",,"|cff20ff20|Htalentpane:|h[Apex Talent]|h|r unlocked!",,,436,152807,12015,0,15,4,0,-2,4914677,0,0,0,0,0,0,0
"Feature Unlocked!","Apex Talents",,"|cff20ff20|Htalentpane:|h[Apex Talent]|h|r unlocked!",,,437,152808,12015,0,15,4,0,-2,236222,0,0,0,0,0,0,0
"Feature Unlocked!","Apex Talents",,"|cff20ff20|Htalentpane:|h[Apex Talent]|h|r unlocked!",,,438,152809,12015,0,15,4,0,-2,135818,0,0,0,0,0,0,0
"Feature Unlocked!","Apex Talents",,"|cff20ff20|Htalentpane:|h[Apex Talent]|h|r unlocked!",,,439,152810,12015,0,15,4,0,-2,135845,0,0,0,0,0,0,0
"Feature Unlocked!","Apex Talents",,"|cff20ff20|Htalentpane:|h[Apex Talent]|h|r unlocked!",,,440,152811,12015,0,15,4,0,-2,7514181,0,0,0,0,0,0,0
"Feature Unlocked!","Apex Talents",,"|cff20ff20|Htalentpane:|h[Apex Talent]|h|r unlocked!",,,441,152812,12015,0,15,4,0,-2,7636530,0,0,0,0,0,0,0
"Feature Unlocked!","Apex Talents",,"|cff20ff20|Htalentpane:|h[Apex Talent]|h|r unlocked!",,,442,152813,12015,0,15,4,0,-2,7514182,0,0,0,0,0,0,0
"Feature Unlocked!","Apex Talents",,"|cff20ff20|Htalentpane:|h[Apex Talent]|h|r unlocked!",,,443,152814,12015,0,15,4,0,-2,1373907,0,0,0,0,0,0,0
"Feature Unlocked!","Apex Talents",,"|cff20ff20|Htalentpane:|h[Apex Talent]|h|r unlocked!",,,444,152815,12015,0,15,4,0,-2,132287,0,0,0,0,0,0,0
"Feature Unlocked!","Apex Talents",,"|cff20ff20|Htalentpane:|h[Apex Talent]|h|r unlocked!",,,445,152816,12015,0,15,4,0,-2,6735718,0,0,0,0,0,0,0
"Feature Unlocked!","Apex Talents",,"|cff20ff20|Htalentpane:|h[Apex Talent]|h|r unlocked!",,,446,152817,12015,0,15,4,0,-2,7636570,0,0,0,0,0,0,0
"Feature Unlocked!","Apex Talents",,"|cff20ff20|Htalentpane:|h[Apex Talent]|h|r unlocked!",,,447,152818,12015,0,15,4,0,-2,7658123,0,0,0,0,0,0,0
"Feature Unlocked!","Apex Talents",,"|cff20ff20|Htalentpane:|h[Apex Talent]|h|r unlocked!",,,448,152819,12015,0,15,4,0,-2,7636571,0,0,0,0,0,0,0
"Feature Unlocked!","Apex Talents",,"|cff20ff20|Htalentpane:|h[Apex Talent]|h|r unlocked!",,,449,152820,12015,0,15,4,0,-2,4667415,0,0,0,0,0,0,0
"Feature Unlocked!","Apex Talents",,"|cff20ff20|Htalentpane:|h[Apex Talent]|h|r unlocked!",,,450,152821,12015,0,15,4,0,-2,135130,0,0,0,0,0,0,0
"Feature Unlocked!","Apex Talents",,"|cff20ff20|Htalentpane:|h[Apex Talent]|h|r unlocked!",,,451,152822,12015,0,15,4,0,-2,7514183,0,0,0,0,0,0,0
"Feature Unlocked!","Apex Talents",,"|cff20ff20|Htalentpane:|h[Apex Talent]|h|r unlocked!",,,452,152823,12015,0,15,4,0,-2,236151,0,0,0,0,0,0,0
"Feature Unlocked!","Apex Talents",,"|cff20ff20|Htalentpane:|h[Apex Talent]|h|r unlocked!",,,453,152824,12015,0,15,4,0,-2,7195161,0,0,0,0,0,0,0
"Feature Unlocked!","Apex Talents",,"|cff20ff20|Htalentpane:|h[Apex Talent]|h|r unlocked!",,,454,152825,12015,0,15,4,0,-2,5390644,0,0,0,0,0,0,0
"Feature Unlocked!","Apex Talents",,"|cff20ff20|Htalentpane:|h[Apex Talent]|h|r unlocked!",,,455,152826,12015,0,15,4,0,-2,1408837,0,0,0,0,0,0,0
"Feature Unlocked!","Apex Talents",,"|cff20ff20|Htalentpane:|h[Apex Talent]|h|r unlocked!",,,456,152827,12015,0,15,4,0,-2,7514188,0,0,0,0,0,0,0
"Feature Unlocked!","Apex Talents",,"|cff20ff20|Htalentpane:|h[Apex Talent]|h|r unlocked!",,,457,152828,12015,0,15,4,0,-2,7297526,0,0,0,0,0,0,0
"Feature Unlocked!","Apex Talents",,"|cff20ff20|Htalentpane:|h[Apex Talent]|h|r unlocked!",,,458,152829,12015,0,15,4,0,-2,5764903,0,0,0,0,0,0,0
"Feature Unlocked!","Apex Talents",,"|cff20ff20|Htalentpane:|h[Apex Talent]|h|r unlocked!",,,459,152830,12015,0,15,4,0,-2,5899327,0,0,0,0,0,0,0
"Feature Unlocked!","Apex Talents",,"|cff20ff20|Htalentpane:|h[Apex Talent]|h|r unlocked!",,,460,152831,12015,0,15,4,0,-2,7514186,0,0,0,0,0,0,0
"Feature Unlocked!","Apex Talents",,"|cff20ff20|Htalentpane:|h[Apex Talent]|h|r unlocked!",,,461,152832,12015,0,15,4,0,-2,7514187,0,0,0,0,0,0,0
"Ritual Site Disrupted","|nFinal Score: |cFFFFFFFF%3449c|r",,,,,463,0,0,5765,17,6,1286799,0,0,1992,0,0,0,0,0,0
"Ritual Site Disrupted","|nCombined Multiplier: |cFFFFFFFF+%3452c%|r|n|nFinal Score: |cFFFFFFFF%3449c|r",,,,,464,0,0,5765,17,8,1286803,0,0,2104,1991,0,0,183157,183155,0
"Ritual Site Disrupted","|nCombined Multiplier: |cFFFFFFFF+%3452c%|r|n|nFinal Score: |cFFFFFFFF%3449c|r",,,,,467,0,0,5765,17,8,1290785,0,0,2105,1991,0,0,183157,183155,0
"Ritual Site Disrupted","|nFinal Score: |cFFFFFFFF%3449c|r",,,,,468,0,0,5765,17,6,1290786,0,0,2103,0,0,0,0,0,0
